<?xml version="1.0" encoding="UTF-8"?>
<project-private xmlns="http://www.netbeans.org/ns/project-private/1">
    <editor-bookmarks xmlns="http://www.netbeans.org/ns/editor-bookmarks/2" lastBookmarkId="0"/>
    <open-files xmlns="http://www.netbeans.org/ns/projectui-open-files/2">
        <group>
            <file>file:/C:/Users/HP/Documents/NetBeansProjects/Trial2/src/trial2/Doctor.java</file>
            <file>file:/C:/Users/HP/Documents/NetBeansProjects/Trial2/src/trial2/User.java</file>
            <file>file:/C:/Users/HP/Documents/NetBeansProjects/Trial2/src/trial2/Main.java</file>
            <file>file:/C:/Users/HP/Documents/NetBeansProjects/Trial2/src/trial2/Booking.java</file>
            <file>file:/C:/Users/HP/Documents/NetBeansProjects/Trial2/src/trial2/ViewDoctors.java</file>
            <file>file:/C:/Users/HP/Documents/NetBeansProjects/Trial2/src/trial2/ViewUsers.java</file>
            <file>file:/C:/Users/HP/Documents/NetBeansProjects/Trial2/src/trial2/ViewAppointments.java</file>
            <file>file:/C:/Users/HP/Documents/NetBeansProjects/Trial2/src/trial2/UserRegister.java</file>
            <file>file:/C:/Users/HP/Documents/NetBeansProjects/Trial2/src/trial2/download.jpeg</file>
        </group>
    </open-files>
</project-private>
